date,ice_cream_sales,temperature,advertising_expenditure
1/1/2022,57,26.18906139,3623
1/2/2022,184,20.71808863,3000
1/3/2022,152,22.44572988,4931
1/4/2022,187,22.85573453,1414
1/5/2022,55,24.76900229,1220
1/6/2022,76,26.95894987,2812
1/7/2022,189,25.91901913,3708
1/8/2022,179,28.80032224,3710
1/9/2022,184,30.46630754,1977
1/10/2022,66,28.95105321,4985
1/11/2022,199,27.85402262,2270
1/12/2022,199,25.62854359,2520
1/13/2022,198,33.6701079,2087
1/14/2022,67,26.5781755,2536
1/15/2022,88,27.9603278,1008
1/16/2022,89,31.54450081,2494
1/17/2022,141,26.99095205,1020
1/18/2022,106,22.17218746,1182
1/19/2022,100,34.66359119,1393
1/20/2022,87,30.60944885,3848
1/21/2022,52,29.30365077,4659
1/22/2022,109,21.91189163,4022
1/23/2022,176,30.95992543,2671
1/24/2022,81,33.62330621,1129
1/25/2022,127,25.34862189,1971
1/26/2022,187,32.18917802,2394
1/27/2022,163,27.12761937,1642
1/28/2022,168,26.66946583,4974
1/29/2022,85,31.99750715,4181
1/30/2022,153,23.27357879,3041
1/31/2022,120,25.39068922,1050
2/1/2022,65,22.6459509,2984
2/2/2022,81,31.46123351,3174
2/3/2022,175,23.98788689,4649
2/4/2022,197,20.79081049,2829
2/5/2022,93,32.35292315,4932
2/6/2022,193,32.04866179,4162
2/7/2022,123,20.48284507,2063
2/8/2022,76,25.16379495,1230
2/9/2022,175,26.52145996,3401
2/10/2022,51,27.38132012,4538
2/11/2022,179,29.96025789,1810
2/12/2022,54,32.60925497,1508
2/13/2022,130,25.77480126,2114
2/14/2022,106,23.35818961,1569
2/15/2022,159,33.03226597,1111
2/16/2022,76,30.8409448,2903
2/17/2022,125,30.83778424,4425
2/18/2022,183,23.97228323,1477
2/19/2022,98,22.40843898,4481
2/20/2022,56,24.65551805,1809
2/21/2022,192,25.25833369,4257
2/22/2022,91,34.80858953,4387
2/23/2022,82,34.48754134,1428
2/24/2022,65,27.99452918,2813
2/25/2022,52,20.16559369,1514
2/26/2022,103,34.50812468,3464
2/27/2022,190,30.3914269,2684
2/28/2022,76,20.8556113,3573
3/1/2022,157,30.17155499,2542
3/2/2022,52,20.67444352,2714
3/3/2022,95,29.24956927,2343
3/4/2022,76,34.71816033,2872
3/5/2022,70,20.36972157,4362
3/6/2022,119,25.41750547,3623
3/7/2022,173,24.67736561,2455
3/8/2022,133,20.37770622,3449
3/9/2022,191,32.70255354,4247
3/10/2022,117,28.00313605,2014
3/11/2022,178,32.77315198,4613
3/12/2022,113,29.95657175,4960
3/13/2022,178,28.67591848,3946
3/14/2022,159,31.10796409,3800
3/15/2022,75,29.1623688,1006
3/16/2022,127,31.70870517,2646
3/17/2022,99,21.6357031,2146
3/18/2022,197,32.93641499,3834
3/19/2022,177,25.22053715,2404
3/20/2022,144,21.77225035,1516
3/21/2022,158,21.01969188,2685
3/22/2022,149,21.06566989,1322
3/23/2022,166,33.55810354,1831
3/24/2022,144,25.92752789,2959
3/25/2022,146,34.03405648,4616
3/26/2022,186,25.75645535,4574
3/27/2022,95,34.22044997,3033
3/28/2022,91,28.61124847,2667
3/29/2022,135,21.06156925,4406
3/30/2022,171,24.11021347,3396
3/31/2022,176,31.74914195,2154
4/1/2022,126,23.72529192,3397
4/2/2022,145,30.09130603,1180
4/3/2022,86,22.56259353,2641
4/4/2022,109,26.62572081,3222
4/5/2022,90,30.89514436,2661
4/6/2022,184,22.26170147,1475
4/7/2022,169,30.48777161,2031
4/8/2022,69,24.31615349,4260
4/9/2022,98,23.15572239,1133
4/10/2022,54,34.95251967,2945
4/11/2022,193,32.86274334,2053
4/12/2022,156,22.13404088,1474
4/13/2022,133,24.0407098,2636
4/14/2022,200,31.21294518,1078
4/15/2022,188,30.01532028,2038
4/16/2022,122,33.30524331,2712
4/17/2022,141,32.39905358,4242
4/18/2022,163,29.37739963,4142
4/19/2022,110,22.96433553,3773
4/20/2022,200,20.15603262,4585
4/21/2022,189,31.18754775,3963
4/22/2022,80,28.14958288,1233
4/23/2022,172,26.56402173,3785
4/24/2022,73,26.38745753,4064
4/25/2022,160,20.36311108,2239
4/26/2022,82,28.84331744,3246
4/27/2022,115,27.24629584,2074
4/28/2022,131,25.38823309,1149
4/29/2022,191,33.51770435,4215
4/30/2022,165,26.25789315,1892
5/1/2022,171,31.39973662,1049
5/2/2022,74,20.33533387,1811
5/3/2022,154,32.06051604,3986
5/4/2022,67,26.4576335,3855
5/5/2022,194,32.96931938,3488
5/6/2022,183,29.66769298,1191
5/7/2022,101,28.10545434,4037
5/8/2022,152,20.50322346,3461
5/9/2022,169,26.25040971,3946
5/10/2022,58,33.64863993,3293
5/11/2022,193,29.09767766,1032
5/12/2022,94,32.93168941,2912
5/13/2022,110,25.55065341,2078
5/14/2022,148,31.05920739,2356
5/15/2022,180,23.82775136,1752
5/16/2022,137,30.732797,2181
5/17/2022,64,26.21690457,2881
5/18/2022,77,33.02190324,4421
5/19/2022,104,29.37770193,2285
5/20/2022,124,23.11793155,3361
5/21/2022,198,29.28741015,4928
5/22/2022,91,30.38436033,4415
5/23/2022,102,20.63813278,1297
5/24/2022,180,28.0082006,4004
5/25/2022,183,30.7580053,4084
5/26/2022,91,32.12014031,3645
5/27/2022,128,30.14353005,1270
5/28/2022,73,30.72643938,3502
5/29/2022,192,30.59197773,2113
5/30/2022,86,24.8553165,2300
5/31/2022,187,25.32802193,4058
6/1/2022,54,23.37413358,2155
6/2/2022,144,34.07480131,3182
6/3/2022,133,20.43721293,1964
6/4/2022,185,23.21535417,1030
6/5/2022,150,30.98532449,3533
6/6/2022,189,31.95889004,2693
6/7/2022,100,21.68007475,2998
6/8/2022,161,27.51607473,1187
6/9/2022,194,25.78833286,1923
6/10/2022,164,30.99221562,4550
6/11/2022,123,23.51524298,1515
6/12/2022,63,30.81580168,4579
6/13/2022,85,20.84051226,4097
6/14/2022,200,20.06161867,4200
6/15/2022,82,28.65242392,3451
6/16/2022,85,24.98787674,1018
6/17/2022,198,24.21498928,4570
6/18/2022,101,28.88004792,2330
6/19/2022,160,27.40045819,1641
6/20/2022,89,29.6594488,3926
6/21/2022,179,30.14553453,3580
6/22/2022,128,24.73589599,1025
6/23/2022,52,31.47655866,1071
6/24/2022,158,34.2641695,3249
6/25/2022,185,22.90341339,4580
6/26/2022,93,24.57024524,2051
6/27/2022,196,23.60410958,1838
6/28/2022,190,26.12017448,4515
6/29/2022,91,21.90625969,1212
6/30/2022,187,23.54896519,2216
7/1/2022,150,22.23531738,1338
7/2/2022,72,34.28682938,3110
7/3/2022,94,20.12216712,1375
7/4/2022,92,29.86798179,4203
7/5/2022,169,23.63876155,3548
7/6/2022,147,21.41734895,1632
7/7/2022,126,34.16649318,4330
7/8/2022,97,21.51953045,4637
7/9/2022,173,22.28052904,2152
7/10/2022,128,26.13354499,1940
7/11/2022,115,24.06537353,3813
7/12/2022,56,25.53109633,4769
7/13/2022,132,30.11727985,3765
7/14/2022,200,34.15428887,1837
7/15/2022,161,29.10675759,3449
7/16/2022,114,22.65107516,1888
7/17/2022,107,25.00675581,4358
7/18/2022,180,23.36558947,1542
7/19/2022,97,32.66310623,3915
7/20/2022,150,20.08611015,2804
7/21/2022,56,30.99705784,2604
7/22/2022,143,33.77597735,3501
7/23/2022,189,28.69688842,2401
7/24/2022,182,26.75023807,2958
7/25/2022,141,33.95305363,4767
7/26/2022,88,33.24414988,2285
7/27/2022,86,21.98983146,1594
7/28/2022,63,27.81108162,4638
7/29/2022,182,20.6204568,2070
7/30/2022,181,28.15077115,3073
7/31/2022,100,34.55230843,2808
8/1/2022,139,28.12426691,3361
8/2/2022,171,33.58273622,4041
8/3/2022,148,29.56997434,4091
8/4/2022,108,21.95416646,2105
8/5/2022,64,29.7364363,2590
8/6/2022,169,21.06263896,3706
8/7/2022,84,32.20713574,1076
8/8/2022,130,20.83851901,3019
8/9/2022,139,27.90878676,4569
8/10/2022,96,31.81949489,2183
8/11/2022,130,32.37260985,2278
8/12/2022,122,24.44444983,2744
8/13/2022,134,22.87213623,4868
8/14/2022,188,27.22899985,2346
8/15/2022,153,26.65608444,4310
8/16/2022,99,20.98112284,3593
8/17/2022,118,29.18934392,4619
8/18/2022,173,23.72030607,4175
8/19/2022,147,25.61694656,4600
8/20/2022,94,33.55830257,1860
8/21/2022,88,20.31381696,2793
8/22/2022,115,29.13951043,4292
8/23/2022,62,24.96048846,4329
8/24/2022,168,31.38405804,2689
8/25/2022,161,24.69349765,3603
8/26/2022,76,33.03741646,2401
8/27/2022,123,34.03036422,3590
8/28/2022,104,23.55380586,2362
8/29/2022,152,33.42412741,2495
8/30/2022,177,33.62441487,2924
8/31/2022,137,24.50097401,1972
9/1/2022,65,26.08588168,2732
9/2/2022,110,23.35343066,4613
9/3/2022,96,24.62358449,3420
9/4/2022,189,34.54675275,1488
9/5/2022,179,31.13826948,1562
9/6/2022,102,27.89563117,4861
9/7/2022,149,25.56820369,1683
9/8/2022,55,32.57928344,4099
9/9/2022,96,23.00832988,1736
9/10/2022,130,30.89760235,3394
9/11/2022,124,24.8812201,2992
9/12/2022,155,25.90269415,1552
9/13/2022,168,21.28678994,1794
9/14/2022,101,30.07700693,4397
9/15/2022,100,30.1014513,1526
9/16/2022,68,33.07564445,4012
9/17/2022,127,26.2602002,4076
9/18/2022,67,25.05112027,3892
9/19/2022,109,24.55018967,1296
9/20/2022,183,22.22139871,1699
9/21/2022,183,34.52410519,1468
9/22/2022,161,22.88331637,3891
9/23/2022,115,32.62187661,3444
9/24/2022,121,27.73794239,3302
9/25/2022,107,20.79657346,4085
9/26/2022,190,26.10666991,4315
9/27/2022,198,30.48283148,1368
9/28/2022,120,31.89414651,4593
9/29/2022,104,23.97985851,4388
9/30/2022,80,23.2782044,4512
10/1/2022,133,29.39788419,3239
10/2/2022,181,31.10363537,2731
10/3/2022,162,33.5532916,1632
10/4/2022,177,30.08977406,3905
10/5/2022,83,31.3133553,4481
10/6/2022,66,27.77177574,3241
10/7/2022,99,31.52079025,3073
10/8/2022,95,21.22425702,2628
10/9/2022,143,33.27399528,4784
10/10/2022,98,32.2109865,3311
10/11/2022,156,34.89477694,2252
10/12/2022,140,34.04633184,2380
10/13/2022,108,33.32344179,1505
10/14/2022,74,21.77266972,1277
10/15/2022,50,25.94494391,1087
10/16/2022,93,34.96705189,4372
10/17/2022,108,33.57588963,2175
10/18/2022,188,29.77630452,3156
10/19/2022,185,21.91896499,2633
10/20/2022,142,31.56495036,1889
10/21/2022,61,30.81238369,2334
10/22/2022,117,25.03625765,1484
10/23/2022,133,34.59187716,4986
10/24/2022,152,25.07191306,3163
10/25/2022,180,32.81742423,3971
10/26/2022,133,32.58059788,4169
10/27/2022,77,20.77880327,1164
10/28/2022,98,27.49059591,3095
10/29/2022,58,28.03849694,1688
10/30/2022,106,28.82788845,3254
10/31/2022,124,21.74066113,1433
11/1/2022,103,30.39444459,4258
11/2/2022,83,33.79397371,4080
11/3/2022,152,31.11972455,3091
11/4/2022,116,20.57990877,2388
11/5/2022,121,27.93889121,4746
11/6/2022,119,31.80589499,3568
11/7/2022,95,34.55774283,3226
11/8/2022,53,21.67089967,3355
11/9/2022,178,31.53404204,3968
11/10/2022,93,26.32248667,3417
11/11/2022,139,24.68337215,3659
11/12/2022,89,30.94650894,4603
11/13/2022,194,31.35782022,1724
11/14/2022,154,34.73970321,2780
11/15/2022,123,24.43463123,4696
11/16/2022,191,21.69663557,2022
11/17/2022,76,29.14175289,4428
11/18/2022,193,23.45043771,4279
11/19/2022,77,22.04568978,4548
11/20/2022,103,26.71209004,3774
11/21/2022,126,34.92504878,2959
11/22/2022,88,21.99719031,4044
11/23/2022,143,28.43811105,2249
11/24/2022,160,29.63743184,2920
11/25/2022,164,21.38294016,1394
11/26/2022,83,34.23450878,3039
11/27/2022,119,27.62605195,4489
11/28/2022,72,25.474658,2479
11/29/2022,107,26.9781554,2500
11/30/2022,167,27.95489378,2995
12/1/2022,104,20.41470838,2447
12/2/2022,67,29.46375682,3647
12/3/2022,76,21.88027477,2828
12/4/2022,128,24.80319581,1773
12/5/2022,171,30.65701501,1070
12/6/2022,55,30.1728135,1554
12/7/2022,196,22.78464191,3599
12/8/2022,117,30.14495299,4602
12/9/2022,191,30.25669444,2945
12/10/2022,55,24.86867097,4552
12/11/2022,151,29.12001183,3484
12/12/2022,104,28.16370618,3073
12/13/2022,72,23.83834449,1576
12/14/2022,144,20.15303637,3459
12/15/2022,87,23.0369383,3477
12/16/2022,134,23.16291463,1026
12/17/2022,199,26.90218972,2438
12/18/2022,63,29.30424427,4235
12/19/2022,67,23.09197,2659
12/20/2022,130,29.26806573,4603
12/21/2022,171,29.81701763,1225
12/22/2022,185,25.28314875,4648
12/23/2022,183,21.32775967,4321
12/24/2022,181,29.14231226,3953
12/25/2022,193,34.42128907,2164
12/26/2022,73,28.71367686,1963
12/27/2022,161,21.85420905,1840
12/28/2022,119,31.72554923,3362
12/29/2022,196,31.00516722,4920
12/30/2022,101,32.52233522,2720
12/31/2022,124,28.50172228,2054
1/1/2023,86,28.03841788,3340
1/2/2023,156,31.72842371,2516
1/3/2023,89,27.46586096,4055
1/4/2023,178,26.02499729,1951
1/5/2023,155,21.16476773,2753
1/6/2023,53,27.32683959,1917
1/7/2023,87,20.95832014,4469
1/8/2023,196,24.08701974,4043
1/9/2023,97,21.12829058,4559
1/10/2023,144,29.58844461,3757
1/11/2023,52,25.89738561,1285
1/12/2023,165,22.93444148,3802
1/13/2023,98,25.72671457,3310
1/14/2023,103,27.3540555,3946
1/15/2023,110,22.17900367,2138
1/16/2023,149,26.97549735,3466
1/17/2023,183,30.96358775,1652
1/18/2023,86,32.77036891,1347
1/19/2023,199,27.75830328,4133
1/20/2023,143,20.72319954,4446
1/21/2023,75,21.23533511,1087
1/22/2023,189,28.19133542,3771
1/23/2023,197,33.20211973,2892
1/24/2023,150,27.59605898,2072
1/25/2023,64,25.00974879,1568
1/26/2023,169,23.30547396,2098
1/27/2023,86,26.93007327,3442
1/28/2023,50,28.35176282,3445
1/29/2023,150,25.49527603,3887
1/30/2023,174,27.93388599,3399
1/31/2023,143,20.93307834,2589
2/1/2023,82,29.65646785,2756
2/2/2023,195,26.21333714,4526
2/3/2023,120,21.32835925,1396
2/4/2023,102,30.98333966,1083
2/5/2023,110,30.75637905,4978
2/6/2023,88,24.15742169,2194
2/7/2023,52,34.37400455,3356
2/8/2023,122,25.0920175,2976
2/9/2023,82,30.00328684,2005
2/10/2023,125,22.14246433,4003
2/11/2023,93,21.82757309,2452
2/12/2023,94,22.04954891,3853
2/13/2023,117,27.84049418,2557
2/14/2023,146,28.37610795,3995
2/15/2023,158,32.2889596,2116
2/16/2023,106,29.18171298,1186
2/17/2023,134,34.15832575,4705
2/18/2023,79,22.6413207,4648
2/19/2023,128,28.4294171,3246
2/20/2023,120,22.99708554,1324
2/21/2023,147,25.50256341,4186
2/22/2023,188,30.31325238,1714
2/23/2023,86,25.01898089,2054
2/24/2023,178,29.03366099,2128
2/25/2023,145,20.76639413,1877
2/26/2023,166,25.60672477,2495
2/27/2023,178,27.49164661,4931
2/28/2023,124,34.50208394,1327
3/1/2023,157,33.99740869,1245
3/2/2023,59,22.99577696,2783
3/3/2023,93,21.3480252,4270
3/4/2023,193,32.14342547,2124
3/5/2023,52,29.70110178,1133
3/6/2023,162,26.67636706,3418
3/7/2023,116,24.32462968,4491
3/8/2023,182,24.08645646,2284
3/9/2023,194,34.10997835,2425
3/10/2023,151,27.34018179,3036
3/11/2023,70,34.22082708,4432
3/12/2023,190,23.25580887,2527
3/13/2023,194,33.20015812,3305
3/14/2023,162,33.6127207,2109
3/15/2023,116,32.33748976,3776
3/16/2023,185,23.01771282,2053
3/17/2023,119,27.53904402,2202
3/18/2023,147,32.80815486,4969
3/19/2023,78,26.21444596,4410
3/20/2023,95,28.41409879,4383
3/21/2023,193,30.91884599,4215
3/22/2023,62,20.72930209,2087
3/23/2023,76,32.79690395,1897
3/24/2023,160,34.82066185,2832
3/25/2023,142,32.82512246,2330
3/26/2023,188,23.87884337,1220
3/27/2023,191,29.66531299,2839
3/28/2023,174,27.56234042,3700
3/29/2023,68,26.49999639,4259
3/30/2023,58,21.45913969,3101
3/31/2023,147,34.08302313,2512
4/1/2023,136,29.15855411,1983
4/2/2023,135,20.80479525,3821
4/3/2023,178,25.7657291,3851
4/4/2023,175,25.61413178,3643
4/5/2023,179,26.84798873,2959
4/6/2023,75,21.73194657,2323
4/7/2023,73,25.83989823,4734
4/8/2023,187,33.69563716,4916
4/9/2023,114,24.08855899,4727
4/10/2023,120,24.19384417,4814
4/11/2023,56,31.63743989,1469
4/12/2023,60,31.80496987,2193
4/13/2023,63,34.57832465,1904
4/14/2023,90,31.23276037,3173
4/15/2023,147,22.2167472,2719
4/16/2023,175,24.5954586,4194
4/17/2023,120,28.8573707,3074
4/18/2023,79,31.52723095,4627
4/19/2023,137,26.72939984,2102
4/20/2023,158,22.62142821,2978
4/21/2023,150,34.10027004,4560
4/22/2023,197,29.34236816,4370
4/23/2023,192,28.56614842,1412
4/24/2023,70,34.59850043,2327
4/25/2023,55,27.54435845,3300
4/26/2023,79,32.58069375,1368
4/27/2023,75,22.97594351,4983
4/28/2023,139,34.45147081,1868
4/29/2023,56,25.86148522,3307
4/30/2023,169,26.2211317,3706
5/1/2023,189,30.2893099,2699
5/2/2023,51,34.98396847,2174
5/3/2023,163,21.11429104,1082
5/4/2023,50,31.99320351,4350
5/5/2023,74,30.61966025,4201
5/6/2023,163,23.69995128,2567
5/7/2023,142,22.04040635,4708
5/8/2023,83,31.45200277,3727
5/9/2023,121,22.88506108,1859
5/10/2023,167,27.86765567,4369
5/11/2023,123,33.72657499,4279
5/12/2023,75,25.29560847,1522
5/13/2023,184,29.44822108,2898
5/14/2023,122,30.38453875,1636
5/15/2023,176,24.60602418,2364
5/16/2023,143,25.62620359,3325
5/17/2023,111,24.6304197,4246
5/18/2023,66,20.99432902,1838
5/19/2023,137,28.41816737,2720
5/20/2023,53,20.37249862,3633
5/21/2023,72,27.85997904,2453
5/22/2023,200,20.17645266,1626
5/23/2023,95,27.43271647,3499
5/24/2023,112,34.04284072,4492
5/25/2023,73,32.22764555,2529
5/26/2023,167,29.59627459,2917
5/27/2023,135,27.3128693,3227
5/28/2023,86,27.20859535,2568
5/29/2023,76,22.02787092,3479
5/30/2023,191,21.45111241,4220
5/31/2023,197,24.82233786,3121
6/1/2023,199,28.32173368,1971
6/2/2023,50,23.89938455,3275
6/3/2023,185,33.3189003,4107
6/4/2023,97,24.10642579,4571
6/5/2023,185,27.34900234,2842
6/6/2023,148,23.90709789,3221
6/7/2023,170,24.68955116,4267
6/8/2023,130,33.43166609,3026
6/9/2023,184,23.53296336,4955
6/10/2023,65,29.84801183,3274
6/11/2023,65,31.07669605,3457
6/12/2023,173,29.30890488,1357
6/13/2023,86,27.03148618,2629
6/14/2023,98,20.37344737,2905
6/15/2023,112,22.76331484,4618
6/16/2023,68,28.75933247,2852
6/17/2023,100,26.56090546,4842
6/18/2023,153,27.42502065,1326
6/19/2023,159,27.49715232,3014
6/20/2023,168,33.1608428,3523
6/21/2023,84,28.97509286,2693
6/22/2023,119,24.90443092,3640
6/23/2023,193,30.74477859,2462
6/24/2023,131,20.63162478,2026
6/25/2023,172,30.6027267,4386
6/26/2023,115,33.96113544,3837
6/27/2023,125,25.13455716,4590
6/28/2023,123,28.63263057,3208
6/29/2023,146,25.44402265,1939
6/30/2023,167,28.33400644,4890
7/1/2023,70,25.82551604,2147
7/2/2023,177,29.8791906,2404
7/3/2023,176,32.71140682,2315
7/4/2023,109,34.32796006,1500
7/5/2023,58,29.65616557,3132
7/6/2023,153,27.32880325,2413
7/7/2023,132,29.27406936,4454
7/8/2023,88,28.5876028,4316
7/9/2023,132,29.12599745,1729
7/10/2023,161,33.79103164,3699
7/11/2023,133,34.88075599,1470
7/12/2023,187,23.66604662,2885
7/13/2023,137,23.87730519,2776
7/14/2023,65,31.77927488,1343
7/15/2023,118,28.80793994,3022
7/16/2023,133,29.447542,3574
7/17/2023,171,23.09328676,3648
7/18/2023,82,24.06315106,4023
7/19/2023,122,30.81463661,3119
7/20/2023,180,30.0465306,1026
7/21/2023,128,24.26463747,4311
7/22/2023,169,31.29587791,3084
7/23/2023,60,22.11380206,1639
7/24/2023,71,25.18425959,3555
7/25/2023,190,26.19810511,2540
7/26/2023,173,26.12839184,1367
7/27/2023,185,20.39283436,1912
7/28/2023,120,21.70329072,4589
7/29/2023,127,20.32266494,1620
7/30/2023,113,31.9611122,3195
7/31/2023,151,30.20395113,4643
8/1/2023,115,27.59985319,3394
8/2/2023,75,22.39227485,3808
8/3/2023,159,24.95661704,2131
8/4/2023,63,30.33922614,3232
8/5/2023,58,32.11612859,3685
8/6/2023,70,21.42848693,1545
8/7/2023,53,23.053405,4069
8/8/2023,50,30.58950562,2318
8/9/2023,199,30.90186131,2629
8/10/2023,105,25.73683432,3360
8/11/2023,56,27.78892377,3469
8/12/2023,133,24.09222064,3532
8/13/2023,129,22.94354739,1075
8/14/2023,96,27.61270174,1994
8/15/2023,183,33.71700378,3326
8/16/2023,150,26.64035489,4037
8/17/2023,127,32.79801595,3457
8/18/2023,164,27.90293702,1842
8/19/2023,57,28.55018688,2695
8/20/2023,88,29.45284444,3594
8/21/2023,89,29.89077489,1093
8/22/2023,124,32.62418606,1574
8/23/2023,114,28.49876991,4158
8/24/2023,133,33.61598062,2070
8/25/2023,50,25.08742741,4445
8/26/2023,168,24.82533821,3326
8/27/2023,96,22.83775643,1536
8/28/2023,179,30.52814229,4332
8/29/2023,132,26.1601029,2974
8/30/2023,65,33.59102196,1663
8/31/2023,114,20.78708652,4301
9/1/2023,137,31.49039788,4417
9/2/2023,151,20.02702139,2324
9/3/2023,72,23.32023843,4314
9/4/2023,62,22.27624287,4501
9/5/2023,129,22.77091343,4395
9/6/2023,123,29.58915188,4207
9/7/2023,196,24.01775132,4102
9/8/2023,94,27.62449788,2329
9/9/2023,162,33.57204211,3439
9/10/2023,161,33.31305823,4020
9/11/2023,83,29.67773922,4706
9/12/2023,88,26.60180404,3629
9/13/2023,71,24.28616726,2088
9/14/2023,117,23.33901117,2744
9/15/2023,87,21.7354482,4605
9/16/2023,151,31.95314222,4255
9/17/2023,157,21.68679983,1026
9/18/2023,80,23.00135243,4369
9/19/2023,181,25.58299983,3642
9/20/2023,160,20.2330895,1252
9/21/2023,186,31.07072591,3249
9/22/2023,103,21.62264785,3456
9/23/2023,154,23.06961598,3248
9/24/2023,53,31.13303676,3259
9/25/2023,192,21.14712858,4500
9/26/2023,64,24.74619684,2679
9/27/2023,181,26.58722336,1825
9/28/2023,148,32.51573481,2800
9/29/2023,95,30.19073534,4939
9/30/2023,140,28.7214438,1508
10/1/2023,69,32.24173526,3203
10/2/2023,157,24.79392734,4856
10/3/2023,54,25.36953599,2059
10/4/2023,181,25.91489709,4338
10/5/2023,161,26.64294334,1095
10/6/2023,168,22.69887864,1397
10/7/2023,62,23.81397094,2510
10/8/2023,123,29.93279547,4706
10/9/2023,188,25.01125851,2569
10/10/2023,57,31.5244956,1165
10/11/2023,92,27.05699286,3811
10/12/2023,184,21.75948918,1104
10/13/2023,69,34.6727175,1290
10/14/2023,91,31.96906268,4324
10/15/2023,76,21.85437813,1814
10/16/2023,118,28.59317306,3705
10/17/2023,89,32.36795935,1033
10/18/2023,148,26.14532327,1545
10/19/2023,95,32.33388053,4956
10/20/2023,65,33.31525273,3240
10/21/2023,181,25.63773542,3023
10/22/2023,124,23.55650546,2462
10/23/2023,84,27.91535019,2882
10/24/2023,74,28.93105367,1670
10/25/2023,142,27.72912641,2921
10/26/2023,64,23.88160269,1497
10/27/2023,123,34.69555965,3480
10/28/2023,54,21.89246802,1839
10/29/2023,96,23.08996265,4384
10/30/2023,143,31.11107871,1419
10/31/2023,178,27.55401902,1136
11/1/2023,50,31.29603208,3610
11/2/2023,120,29.04771873,3441
11/3/2023,67,21.52306104,4587
11/4/2023,164,21.52656112,3381
11/5/2023,153,24.24922149,1244
11/6/2023,133,22.91864573,4143
11/7/2023,145,32.96833032,1150
11/8/2023,84,29.188713,1036
11/9/2023,51,34.69576477,3744
11/10/2023,152,23.38404875,4462
11/11/2023,163,33.43339248,2038
11/12/2023,167,33.98103128,1377
11/13/2023,94,26.41132564,4068
11/14/2023,116,33.6276429,2559
11/15/2023,141,27.35226483,4592
11/16/2023,139,23.82500223,2032
11/17/2023,127,34.54836808,2598
11/18/2023,195,24.47791724,1341
11/19/2023,133,27.52159662,1312
11/20/2023,155,26.56607444,1386
11/21/2023,92,32.13353641,4121
11/22/2023,86,25.08305766,3463
11/23/2023,51,32.33371135,2434
11/24/2023,134,26.4409647,3706
11/25/2023,139,23.55372044,1065
11/26/2023,184,34.25043145,2334
11/27/2023,78,24.94134038,2411
11/28/2023,81,23.9449169,1505
11/29/2023,117,30.17510595,1936
11/30/2023,119,22.98829844,1102
12/1/2023,107,22.9142409,4690
12/2/2023,70,24.80288392,3555
12/3/2023,86,26.47916831,2602
12/4/2023,126,31.70492508,2657
12/5/2023,96,34.73359057,2335
12/6/2023,187,30.96844544,3361
12/7/2023,62,24.19941473,4991
12/8/2023,72,34.8540857,1672
12/9/2023,138,25.60806757,4379
12/10/2023,194,26.84747948,3199
12/11/2023,137,32.86067353,4527
12/12/2023,58,30.94806466,3566
12/13/2023,50,30.6099017,2751
12/14/2023,151,24.79969454,1542
12/15/2023,169,21.9161051,2389
12/16/2023,98,29.88958156,3687
12/17/2023,163,31.69817645,1297
12/18/2023,100,27.16685875,1469
12/19/2023,52,34.42448514,3113
12/20/2023,151,34.12181356,2688
12/21/2023,159,30.05315223,4107
12/22/2023,69,23.47905581,4884
12/23/2023,138,28.56765312,2010
12/24/2023,59,21.7995274,3654
12/25/2023,119,21.68601003,1768
12/26/2023,127,27.19870682,4836
12/27/2023,136,33.46854065,1039
12/28/2023,75,20.33423561,1038
12/29/2023,137,26.89635715,1125
12/30/2023,62,22.76849755,3838
12/31/2023,129,22.69103912,2712
1/1/2024,155,25.71551183,1112
1/2/2024,103,23.46301266,4155
1/3/2024,171,30.16502521,3978
1/4/2024,168,31.77866382,3500
1/5/2024,153,30.67211567,3077
1/6/2024,89,34.86516452,1164
1/7/2024,153,31.20209641,2043
1/8/2024,185,32.14093981,2618
1/9/2024,151,26.94220017,3828
1/10/2024,52,24.08937299,2645
1/11/2024,130,31.35715794,4568
1/12/2024,187,29.30822811,3078
1/13/2024,128,30.08063338,3096
1/14/2024,76,31.19967668,3825
1/15/2024,152,24.32580112,4605
1/16/2024,182,32.34345869,2099
1/17/2024,131,21.80813136,4287
1/18/2024,184,27.47229159,1733
1/19/2024,144,24.27230736,4806
1/20/2024,56,25.60746521,3347
1/21/2024,193,34.76828777,3270
1/22/2024,62,26.77657139,1350
1/23/2024,70,28.41871649,1520
1/24/2024,145,25.38488529,2561
1/25/2024,139,32.0387179,1182
1/26/2024,119,26.6846754,3966
1/27/2024,170,21.23882809,3150
1/28/2024,181,31.84403121,2376
1/29/2024,189,32.8076598,2498
1/30/2024,77,21.79754308,2498
1/31/2024,121,25.24216422,2376
2/1/2024,100,27.0486753,2285
2/2/2024,86,20.84958768,2822
2/3/2024,109,30.53052047,4896
2/4/2024,108,30.75351486,1058
2/5/2024,90,32.20395643,4095
2/6/2024,140,34.39786748,3676
2/7/2024,137,25.45373567,2649
2/8/2024,56,23.4159394,1869
2/9/2024,53,21.84028479,2650
2/10/2024,88,22.15539323,4268
2/11/2024,111,28.70408001,3206
2/12/2024,85,29.98148126,2550
2/13/2024,132,21.43939413,3114
2/14/2024,129,26.14651604,3879
2/15/2024,110,23.72416552,2021
2/16/2024,84,26.07251419,4274
2/17/2024,61,31.60091491,2222
2/18/2024,51,28.55149181,4820
2/19/2024,155,29.69624057,4643
2/20/2024,62,26.43558327,2358
2/21/2024,128,31.65832947,4049
2/22/2024,170,27.2028982,3719
2/23/2024,95,29.95468247,4178
2/24/2024,126,31.90456834,2373
2/25/2024,118,30.99485396,1266
2/26/2024,114,21.0741682,1500
2/27/2024,74,34.63710374,3972
2/28/2024,192,20.13855806,2877
2/29/2024,108,25.13593838,4300
3/1/2024,127,33.29098231,1755
3/2/2024,75,31.87894253,4791
3/3/2024,99,29.68758009,1599
3/4/2024,90,22.36401409,4582
3/5/2024,177,26.51247548,3265
3/6/2024,65,22.6476147,4315
3/7/2024,146,34.23156596,2410
3/8/2024,146,30.35799722,2630
3/9/2024,60,29.77553236,3141
3/10/2024,126,21.50968647,3595
3/11/2024,91,21.67876535,2436
3/12/2024,119,24.0770049,3150
3/13/2024,162,23.09962897,1261
3/14/2024,76,34.18921085,1562
3/15/2024,107,32.30048118,3033
3/16/2024,129,23.32127167,3731
3/17/2024,124,29.85199748,1775
3/18/2024,108,34.36391536,1558
3/19/2024,200,26.43471661,2653
3/20/2024,192,21.59775249,4143
3/21/2024,114,21.21783639,1335
3/22/2024,96,25.68004885,4953
3/23/2024,169,31.86182443,2843
3/24/2024,134,27.07782509,2869
3/25/2024,194,30.19370759,4035
3/26/2024,77,27.77470898,1397
3/27/2024,169,27.18872586,4094
3/28/2024,150,30.60459682,4096
3/29/2024,152,28.75532185,4149
3/30/2024,153,30.77494557,3587
3/31/2024,120,25.39163693,1555
4/1/2024,170,29.51134941,4356
4/2/2024,137,23.54311149,4109
4/3/2024,59,26.0266657,4425
4/4/2024,135,32.91193196,2944
4/5/2024,62,34.67618616,4908
4/6/2024,199,25.18213553,1861
4/7/2024,67,24.9395155,4201
4/8/2024,94,29.09308525,4976
4/9/2024,53,25.55892554,3055
4/10/2024,183,31.25378216,1139
4/11/2024,103,33.28240226,3026
4/12/2024,84,26.30798902,3254
4/13/2024,78,29.31830439,2984
4/14/2024,77,28.06155687,3246
4/15/2024,111,29.88216265,3801
4/16/2024,106,23.8921921,2987
4/17/2024,171,26.2030857,1997
4/18/2024,193,23.15002474,2150
4/19/2024,167,28.93953521,2647
4/20/2024,80,23.5369066,1877
4/21/2024,54,34.11922339,2877
4/22/2024,141,29.24483479,3994
4/23/2024,106,32.87247992,3372
4/24/2024,57,29.85127627,3796
4/25/2024,53,26.64670037,4940
4/26/2024,134,25.42391332,4352
4/27/2024,50,30.11887941,1478
4/28/2024,110,29.28329734,2169
4/29/2024,66,29.81407534,4967
4/30/2024,67,20.32932042,2852
5/1/2024,107,34.11782835,1975
5/2/2024,82,34.26265344,2908
5/3/2024,143,29.48283872,3634
5/4/2024,54,32.9322305,1781
5/5/2024,113,31.08867899,3341
5/6/2024,81,31.3041425,1298
5/7/2024,115,22.46762792,3292
5/8/2024,77,28.35066037,2235
5/9/2024,58,25.35004043,2768
5/10/2024,112,23.70592061,4484
5/11/2024,152,29.08970226,2629
5/12/2024,90,33.58933399,2965
5/13/2024,131,30.51206496,1739
5/14/2024,102,30.35224438,3195
5/15/2024,192,20.78060521,2342
5/16/2024,113,24.77768849,3208
5/17/2024,161,33.12361243,2962
5/18/2024,179,20.25484661,2600
5/19/2024,153,28.36264314,2731
5/20/2024,117,28.88645609,3548
5/21/2024,130,26.97902857,3831
5/22/2024,96,24.51517318,2932
5/23/2024,58,22.23667496,4479
5/24/2024,104,31.33443054,3425
5/25/2024,55,24.72331282,4589
5/26/2024,95,21.00782683,3510
5/27/2024,148,23.91379593,1205
5/28/2024,53,21.47961113,1200
5/29/2024,168,34.45951204,2263
5/30/2024,193,30.05879801,4113
5/31/2024,81,28.40383556,2162
6/1/2024,147,34.31255067,4638
6/2/2024,103,26.17582132,4149
6/3/2024,111,23.31073819,1278
6/4/2024,145,24.09690944,1280
6/5/2024,190,29.59462992,1034
6/6/2024,197,27.38804297,1086
6/7/2024,149,24.45519232,3655
6/8/2024,89,27.71394575,4151
6/9/2024,69,33.27091573,4078
6/10/2024,106,28.20283582,1116
6/11/2024,90,29.9987891,1339
6/12/2024,62,32.05026128,2465
6/13/2024,141,29.59457371,4517
6/14/2024,70,25.99099473,2960
6/15/2024,60,32.02109161,3113
6/16/2024,62,24.10513696,3337
6/17/2024,165,31.90943781,4887
6/18/2024,175,29.22553507,4291
6/19/2024,188,25.12377233,2014
6/20/2024,156,23.14439348,2474
6/21/2024,169,28.56384262,2151
6/22/2024,81,34.68928734,1062
6/23/2024,198,34.38796638,4082
6/24/2024,69,23.66463289,4791
6/25/2024,136,29.23898019,1636
6/26/2024,137,29.08262105,1237
6/27/2024,186,27.43925928,3539
6/28/2024,125,21.07844335,2165
6/29/2024,83,29.0330163,4029
6/30/2024,63,32.06324332,4700
7/1/2024,186,20.35494308,1689
7/2/2024,93,25.60115527,2928
7/3/2024,172,32.44454313,2861
7/4/2024,196,27.04454233,3789
7/5/2024,65,34.11208663,3339
7/6/2024,58,22.84205373,3512
7/7/2024,78,31.60280808,3567
7/8/2024,58,22.35311756,2351
7/9/2024,114,25.70544322,1504
7/10/2024,52,21.90874787,2680
7/11/2024,94,20.58184658,3767
7/12/2024,73,33.93541635,3210
7/13/2024,117,22.87639963,1722
7/14/2024,199,28.14198184,3566
7/15/2024,131,23.37901052,3568
7/16/2024,134,22.14057059,4520
7/17/2024,140,34.67206917,2704
7/18/2024,101,27.54388035,3343
7/19/2024,184,25.3966497,4579
7/20/2024,170,31.32436652,1608
7/21/2024,191,21.26342756,4360
7/22/2024,53,24.08799043,2420
7/23/2024,68,23.78823397,4802
7/24/2024,87,24.21746916,3206
7/25/2024,115,20.80111357,2024
7/26/2024,115,30.45301163,4796
7/27/2024,120,32.86602208,2890
7/28/2024,101,28.31049683,4123
7/29/2024,105,27.84637027,3093
7/30/2024,55,24.87044882,3526
7/31/2024,94,34.22538164,1380
8/1/2024,119,25.5871955,3771
8/2/2024,130,29.75531469,3513
8/3/2024,77,22.94963689,1173
8/4/2024,169,27.31910248,1979
8/5/2024,154,29.07291037,5000
8/6/2024,81,25.39588418,1922
8/7/2024,185,20.30772011,3209
8/8/2024,152,28.71199447,4087
8/9/2024,125,26.28106462,3967
8/10/2024,85,22.73917375,2498
8/11/2024,114,22.9200738,2798
8/12/2024,71,32.25949764,1280
8/13/2024,130,29.31955126,4329
8/14/2024,97,32.56548656,2389
8/15/2024,64,25.34388303,1197
8/16/2024,111,31.2162138,2986
8/17/2024,142,25.74196801,1555
8/18/2024,72,25.68019141,2528
8/19/2024,195,30.06695894,4972
8/20/2024,139,28.38206865,1544
8/21/2024,190,28.64526156,3556
8/22/2024,84,20.45126504,2601
8/23/2024,61,34.51002457,3670
8/24/2024,64,24.58999755,4033
8/25/2024,125,23.53146305,4340
8/26/2024,139,30.8518908,4949
8/27/2024,78,27.74696833,3296
8/28/2024,186,22.79859024,2276
8/29/2024,137,25.71102315,2348
8/30/2024,182,25.35696466,2927
8/31/2024,101,31.65263523,1109
9/1/2024,137,34.80337619,1453
9/2/2024,159,24.62556888,2323
9/3/2024,196,20.62137961,2591
9/4/2024,110,20.36015714,3712
9/5/2024,100,24.64911874,4954
9/6/2024,176,25.84932134,4550
9/7/2024,141,23.31843177,3797
9/8/2024,149,30.1391894,2233
9/9/2024,175,33.83833108,3084
9/10/2024,144,29.80254432,1705
9/11/2024,89,28.98143736,3752
9/12/2024,144,32.38972178,4774
9/13/2024,145,30.20368939,1225
9/14/2024,85,21.8586285,4011
9/15/2024,100,29.73858932,3719
9/16/2024,119,31.16680376,4120
9/17/2024,176,22.59749214,4349
9/18/2024,120,28.82412338,4846
9/19/2024,88,24.14915894,3669
9/20/2024,185,33.99615631,2334
9/21/2024,55,32.14034846,4384
9/22/2024,65,20.23110699,3086
9/23/2024,148,23.21325057,4678
9/24/2024,64,27.1047092,1359
9/25/2024,167,30.70713633,1631
9/26/2024,60,29.93196295,1832
9/27/2024,185,26.88999897,2346
9/28/2024,133,24.3941411,3438
9/29/2024,118,23.50667175,2531
9/30/2024,56,31.3123158,1528
10/1/2024,77,20.33007762,1420
10/2/2024,114,32.2158122,2458
10/3/2024,129,25.19403116,2625
10/4/2024,96,31.95907106,4616
10/5/2024,160,25.18861644,2827
10/6/2024,97,24.40356917,2019
10/7/2024,61,27.62464058,2784
10/8/2024,59,20.90403968,3679
10/9/2024,64,30.39863966,3034
10/10/2024,98,30.99206286,1658
10/11/2024,119,20.11769134,3002
10/12/2024,77,21.76079331,2055
10/13/2024,192,27.01862284,1164
10/14/2024,158,23.04524992,3124
10/15/2024,169,22.01533622,4273
10/16/2024,176,22.76669542,2135
10/17/2024,142,23.61916036,3039
10/18/2024,103,33.04652964,1187
10/19/2024,147,29.32134598,4442
10/20/2024,102,26.62563474,2676
10/21/2024,165,22.36215485,1860
10/22/2024,51,32.04733198,1279
10/23/2024,99,27.90748387,3591
10/24/2024,98,21.97362318,1936
10/25/2024,151,32.7638195,4131
10/26/2024,188,29.3745855,3031
10/27/2024,113,23.41548946,2235
10/28/2024,184,33.69512667,2863
10/29/2024,94,26.185295,4844
10/30/2024,144,27.37753901,1339
10/31/2024,100,34.6760766,3214
11/1/2024,105,21.93247249,3867
11/2/2024,78,25.0412875,4663
11/3/2024,169,34.37974955,4957
11/4/2024,177,33.96606393,4496
11/5/2024,115,27.14539037,3997
11/6/2024,180,28.04033521,3977
11/7/2024,54,30.52722104,1934
11/8/2024,131,22.63148723,1350
11/9/2024,193,25.30886915,2345
11/10/2024,185,30.58885163,1771
11/11/2024,166,34.14264475,2645
11/12/2024,194,22.98064856,3436
11/13/2024,179,27.52360562,1877
11/14/2024,172,22.80957237,2875
11/15/2024,97,27.64781594,1391
11/16/2024,165,23.86442373,2046
11/17/2024,105,20.82901251,1914
11/18/2024,200,25.18562247,1737
11/19/2024,161,28.96307558,3435
11/20/2024,136,23.59581299,2838
11/21/2024,130,33.00283648,4677
11/22/2024,115,28.809002,4941
11/23/2024,56,30.32289924,1549
11/24/2024,200,20.35704186,3355
11/25/2024,111,23.2612308,4176
11/26/2024,195,20.07623091,1422
11/27/2024,81,28.86240513,1338
11/28/2024,84,31.18302855,1923
11/29/2024,64,20.01552056,4400
11/30/2024,99,33.52105432,2439
12/1/2024,112,27.63094127,1608
12/2/2024,55,25.89711967,4210
12/3/2024,165,29.76971456,2239
12/4/2024,124,25.51004384,2940
12/5/2024,118,21.09579464,4466
12/6/2024,64,22.44201953,1766
12/7/2024,173,30.47200108,2934
12/8/2024,143,23.23028018,3017
12/9/2024,64,27.33171324,2363
12/10/2024,151,32.91048054,1569
12/11/2024,116,29.60410992,3308
12/12/2024,77,20.35602042,3027
12/13/2024,198,22.52631585,1744
12/14/2024,90,20.00591304,4958
12/15/2024,81,26.20865575,2626
12/16/2024,199,20.29456924,3824
12/17/2024,148,23.29391829,3214
12/18/2024,134,30.52453754,1766
12/19/2024,160,27.35347281,1993
12/20/2024,76,31.47527383,3664
12/21/2024,96,24.98954613,3910
12/22/2024,188,31.24479528,4731
12/23/2024,116,34.06130538,1129
12/24/2024,168,24.94134841,2089
12/25/2024,142,25.66954899,3729
12/26/2024,125,32.78816531,4390
12/27/2024,88,20.3722175,1279
12/28/2024,161,24.22730253,2079
12/29/2024,125,33.88328876,4364
12/30/2024,138,27.02674038,3488
12/31/2024,99,32.42744003,3393
1/1/2025,136,23.66264678,2776
1/2/2025,137,32.7401483,3127
1/3/2025,198,22.55588669,3684
1/4/2025,58,29.37904001,1225
1/5/2025,178,31.2350826,2297
1/6/2025,86,22.48162458,4384
1/7/2025,57,23.54098757,3889
1/8/2025,65,31.3724756,1097
1/9/2025,177,33.15990763,3241
1/10/2025,194,26.12042473,1757
1/11/2025,151,29.27469527,1312
1/12/2025,135,21.06529037,1877
1/13/2025,59,30.92528101,1387
1/14/2025,103,27.42984293,1387
1/15/2025,98,28.38788749,1161
1/16/2025,171,24.03308981,3951
1/17/2025,93,27.97615932,4513
1/18/2025,131,29.38578284,3157
1/19/2025,88,25.12368272,2784
1/20/2025,78,34.14873279,4944
1/21/2025,131,20.56442944,3670
1/22/2025,168,26.59910973,1809
1/23/2025,172,34.36190686,4591
1/24/2025,79,30.39096931,4245
1/25/2025,192,28.20960723,1444
1/26/2025,159,31.21949695,3810
1/27/2025,89,30.5222486,2612
1/28/2025,170,20.8397133,4193
1/29/2025,199,26.84308897,3268
1/30/2025,86,32.11608605,3897
1/31/2025,140,21.02708382,1606
2/1/2025,96,26.19796319,1049
2/2/2025,195,33.19996546,2529
2/3/2025,166,28.969772,4192
2/4/2025,180,26.64679521,1287
2/5/2025,50,26.95023648,4634
2/6/2025,63,34.72342538,1229
2/7/2025,109,27.61272852,2979
2/8/2025,51,23.13005173,1900
2/9/2025,140,28.67138288,1797
2/10/2025,97,27.39377559,1423
2/11/2025,180,31.01809267,2735
2/12/2025,153,22.21883575,2188
2/13/2025,99,23.81695652,3128
2/14/2025,182,31.00470032,1619
2/15/2025,200,22.49776459,1400
2/16/2025,183,34.5890348,2272
2/17/2025,62,32.13433975,3766
2/18/2025,146,26.15062928,3580
2/19/2025,57,27.62018502,2436
2/20/2025,152,30.68670808,2503
2/21/2025,103,32.47489341,3811
2/22/2025,186,24.93761376,2131
2/23/2025,67,31.94526936,1287
2/24/2025,65,30.34347289,1465
2/25/2025,121,32.52724533,4700
2/26/2025,135,23.08608428,2335
2/27/2025,61,27.74197966,2891
2/28/2025,70,25.48453647,2944
3/1/2025,198,28.77067785,1620
3/2/2025,95,29.69302636,1394
3/3/2025,187,23.92501508,3050
3/4/2025,111,20.63192862,2262
3/5/2025,125,29.88471854,2631
3/6/2025,199,20.70182868,1834
3/7/2025,64,21.70854395,3221
3/8/2025,95,21.85325951,4711
3/9/2025,170,29.07446526,1409
3/10/2025,140,21.89486142,4472
3/11/2025,91,33.82692909,3345
3/12/2025,65,27.94774078,1310
3/13/2025,181,32.87341068,1517
3/14/2025,59,23.497183,3696
3/15/2025,146,20.30654247,4178
3/16/2025,93,23.06871134,3126
3/17/2025,93,29.76208693,4089
3/18/2025,147,31.25214706,1026
3/19/2025,184,29.78596991,2968
3/20/2025,59,24.69431428,1173
3/21/2025,98,23.2849662,4397
3/22/2025,172,27.08075763,3372
3/23/2025,109,24.91557217,3234
3/24/2025,162,21.94006741,2633
3/25/2025,150,22.34184451,2598
3/26/2025,60,28.30406692,2287
3/27/2025,132,30.5002503,3519
3/28/2025,93,23.1344226,4677
3/29/2025,109,29.31021992,1483
3/30/2025,67,32.60443629,1546
3/31/2025,60,34.53515199,4954
4/1/2025,130,28.64724411,3279
4/2/2025,106,27.00220063,2348
4/3/2025,104,21.14354303,1945
4/4/2025,74,29.08340633,4224
4/5/2025,164,31.4796015,4073
4/6/2025,62,34.96289758,4456
4/7/2025,160,24.73447104,3559
4/8/2025,61,24.81840557,1286
4/9/2025,98,26.89384417,3666
4/10/2025,88,20.59892875,2736
4/11/2025,162,20.27003493,2225
4/12/2025,75,22.35422258,2321
4/13/2025,108,24.63695583,3222
4/14/2025,62,32.67569312,2456
4/15/2025,170,32.31147827,3257
4/16/2025,185,24.51578368,3405
4/17/2025,125,33.83429715,1731
4/18/2025,143,30.27714195,3727
4/19/2025,138,28.19274466,2263
4/20/2025,80,29.24079953,3146
4/21/2025,89,24.42758843,3156
4/22/2025,87,26.29127307,4725
4/23/2025,122,21.24777713,4859
4/24/2025,182,34.06534806,2971
4/25/2025,85,30.54044005,2019
4/26/2025,101,21.1036287,2797
4/27/2025,186,33.2202515,4471
4/28/2025,150,25.3485032,3337
4/29/2025,81,30.05168397,2803
4/30/2025,122,34.97751616,1280
5/1/2025,96,27.50200432,2704
5/2/2025,58,25.8539528,2259
5/3/2025,157,24.39001564,4465
5/4/2025,164,27.12163984,4963
5/5/2025,184,34.53215204,1262
5/6/2025,193,23.24817163,2580
5/7/2025,152,24.17894289,3461
5/8/2025,186,21.06544233,3150
5/9/2025,140,33.43864366,4674
5/10/2025,104,24.97883289,4973
5/11/2025,131,20.0445944,3725
5/12/2025,53,33.31638668,2627
5/13/2025,116,31.32892609,2831
5/14/2025,148,28.01567741,3251
5/15/2025,177,24.01968236,1801
5/16/2025,59,29.83106438,2529
5/17/2025,145,24.54212498,4697
5/18/2025,100,29.37424559,1182
5/19/2025,148,24.95513693,2434
5/20/2025,175,20.15630987,2690
5/21/2025,190,34.55703148,4912
5/22/2025,60,24.26665895,4703
5/23/2025,77,26.04790014,3212
5/24/2025,105,23.46341856,4694
5/25/2025,200,22.20431656,3210
5/26/2025,180,24.77998038,1664
5/27/2025,129,33.75403258,3599
5/28/2025,182,26.04602434,1600
5/29/2025,91,26.82885178,4418
5/30/2025,167,30.98531181,2441
5/31/2025,51,23.31574436,3367
6/1/2025,101,23.71387842,4625
6/2/2025,169,27.42448418,2561
6/3/2025,94,29.12385966,1463
6/4/2025,53,34.56275189,1440
6/5/2025,185,21.08977612,4940
6/6/2025,56,25.41808683,4960
6/7/2025,99,29.0126415,4668
6/8/2025,160,26.56846643,3943
6/9/2025,196,26.46670319,4575
6/10/2025,122,21.82356647,3262
6/11/2025,138,23.63167634,2683
6/12/2025,93,29.06566567,4283
6/13/2025,195,31.61680414,3931
6/14/2025,104,25.56240941,2404
6/15/2025,131,26.15637326,4446
6/16/2025,133,21.34461613,2983
6/17/2025,53,24.88138802,2708
6/18/2025,166,24.81924926,1339
6/19/2025,155,30.84783258,4249
6/20/2025,165,28.21925475,3531
6/21/2025,76,33.17925742,2942
6/22/2025,93,26.47627606,2711
6/23/2025,112,28.09369765,2357
6/24/2025,121,22.56223115,1254
6/25/2025,99,34.42925774,4369
6/26/2025,113,25.30400601,2669
6/27/2025,140,33.16299459,4391
6/28/2025,135,33.55948108,3620
6/29/2025,149,29.7862378,3553
6/30/2025,186,33.72228403,3480
7/1/2025,144,22.22517635,2524
7/2/2025,178,31.9308579,2904
7/3/2025,85,26.09184592,4164
7/4/2025,85,30.38563055,3616
7/5/2025,73,28.08217486,1029
7/6/2025,101,29.38317609,3498
7/7/2025,87,33.59635839,4935
7/8/2025,187,34.88904516,3259
7/9/2025,57,24.70002787,4435
7/10/2025,144,30.13604469,2757
7/11/2025,115,20.90276319,1363
7/12/2025,153,30.56767585,4566
7/13/2025,174,21.67257933,2835
7/14/2025,73,22.2175452,1503
7/15/2025,180,23.15302722,4457
7/16/2025,172,28.10093561,2822
7/17/2025,189,21.66778949,2460
7/18/2025,162,27.99423544,3725
7/19/2025,120,31.42463483,4165
7/20/2025,104,30.69986106,4306
7/21/2025,139,32.268536,3648
7/22/2025,65,20.3791956,2349
7/23/2025,75,25.8335888,1587
7/24/2025,150,20.89747245,2499
7/25/2025,55,30.3827952,1310
7/26/2025,175,29.84432062,4138
7/27/2025,106,24.0511898,4482
7/28/2025,184,23.38551067,3403
7/29/2025,76,24.00156152,2598
7/30/2025,150,25.11046883,3271
7/31/2025,93,23.67465461,4861
8/1/2025,50,31.15793727,2757
8/2/2025,152,27.7856397,1119
8/3/2025,90,23.59505642,2115
8/4/2025,79,28.85694138,4066
8/5/2025,77,24.74939171,4167
8/6/2025,59,32.32461565,3106
8/7/2025,179,31.28964089,4866
8/8/2025,95,24.90878836,3309
8/9/2025,144,21.56197548,2658
8/10/2025,162,24.43498013,4492
8/11/2025,117,32.53609803,4311
8/12/2025,90,22.28435264,2791
8/13/2025,139,27.10685009,2682
8/14/2025,107,34.56169081,3262
8/15/2025,76,20.94809921,2293
8/16/2025,129,22.23258597,3419
8/17/2025,157,20.74667671,2129
8/18/2025,116,27.84523416,2804
8/19/2025,54,32.99790522,2765
8/20/2025,77,25.45162545,1635
8/21/2025,146,21.86596852,4370
8/22/2025,186,31.58220583,2896
8/23/2025,97,28.38847317,2963
8/24/2025,146,24.85622565,4009
8/25/2025,123,27.4524183,3748
8/26/2025,116,21.74729367,2418
8/27/2025,61,34.24929959,2584
8/28/2025,171,27.93362066,2534
8/29/2025,82,27.73568674,1418
8/30/2025,57,27.79368752,4546
8/31/2025,135,30.07169724,1455
9/1/2025,178,32.40912103,1943
9/2/2025,54,22.65493196,2790
9/3/2025,150,27.57616796,2151
9/4/2025,192,33.81060949,1149
9/5/2025,107,23.61067809,2099
9/6/2025,154,25.13859191,4290
9/7/2025,114,21.16438562,2201
9/8/2025,125,21.8316668,2949
9/9/2025,171,20.32896427,3859
9/10/2025,190,20.01834603,2320
9/11/2025,161,28.49429644,4125
9/12/2025,178,28.88886206,3267
9/13/2025,125,34.36825946,2045
9/14/2025,113,22.38490633,3655
9/15/2025,176,33.01130506,2892
9/16/2025,143,26.38660504,1530
9/17/2025,175,25.9439149,1033
9/18/2025,200,27.78871077,2896
9/19/2025,128,22.75780691,1334
9/20/2025,74,26.85556991,2554
9/21/2025,110,24.95345025,2301
9/22/2025,175,20.51912383,2960
9/23/2025,58,31.33530266,4030
9/24/2025,164,22.20826048,2272
9/25/2025,62,20.95712129,1688
9/26/2025,136,34.12578822,3624
9/27/2025,54,32.5783582,3087
9/28/2025,65,26.97102445,1702
9/29/2025,160,31.87220411,4274
9/30/2025,98,24.42518793,3035
10/1/2025,149,24.00158209,2644
10/2/2025,66,33.16873484,1610
10/3/2025,111,20.23636239,4159
10/4/2025,61,21.48612096,3015
10/5/2025,74,33.87404051,4469
10/6/2025,149,31.71044926,3682
10/7/2025,80,30.87463996,2567
10/8/2025,129,33.55839883,4701
10/9/2025,185,32.58642333,1593
10/10/2025,148,29.03298863,2669
10/11/2025,147,22.68035704,4671
10/12/2025,117,33.89397058,2794
10/13/2025,178,25.04036965,1903
10/14/2025,171,20.57116912,2654
10/15/2025,191,32.32920929,2280
10/16/2025,50,31.82741884,1104
10/17/2025,91,34.50662965,2245
10/18/2025,162,32.36879095,2885
10/19/2025,123,32.04464099,1315
10/20/2025,57,22.91334513,3223
10/21/2025,157,23.78292023,1689
10/22/2025,59,30.62946926,4740
10/23/2025,133,31.76200034,3209
10/24/2025,96,32.85876147,1255
10/25/2025,200,32.50826212,2039
10/26/2025,115,32.98432379,1983
10/27/2025,167,27.80182171,1574
10/28/2025,149,30.37751259,3854
10/29/2025,156,21.62456239,2587
10/30/2025,125,21.39996246,1858
10/31/2025,199,30.19719733,1656
11/1/2025,61,21.80552335,1327
11/2/2025,152,31.77256971,1576
11/3/2025,145,21.03233005,3840
11/4/2025,184,25.05160171,1119
11/5/2025,122,31.76077561,3586
11/6/2025,124,20.84863275,1240
11/7/2025,89,27.91179461,3276
11/8/2025,120,30.83249588,3950
11/9/2025,87,32.9258358,2470
11/10/2025,179,29.0998669,2574
11/11/2025,146,23.23886138,3665
11/12/2025,71,27.87732225,3374
11/13/2025,111,20.19316453,4207
11/14/2025,190,22.27213396,2075
11/15/2025,98,30.22319044,1596
11/16/2025,158,33.34367272,3816
11/17/2025,124,20.46505691,4023
11/18/2025,86,23.21448787,2235
11/19/2025,189,31.48242974,3456
11/20/2025,195,20.19446372,4064
11/21/2025,98,32.53377233,4541
11/22/2025,173,34.23701926,1324
11/23/2025,93,27.72065287,4009
11/24/2025,88,27.73352041,2480
11/25/2025,160,31.39300885,2531
11/26/2025,126,26.85614661,3321
11/27/2025,160,31.58377385,1060
11/28/2025,92,34.92133237,1025
11/29/2025,115,24.84861399,2677
11/30/2025,124,24.78094795,3590
12/1/2025,119,23.94982372,3875
12/2/2025,194,27.37090712,4779
12/3/2025,115,24.54665217,2341
12/4/2025,156,27.5074686,3948
12/5/2025,55,30.53151278,2364
12/6/2025,72,25.91265749,1945
12/7/2025,149,24.21686839,1020
12/8/2025,119,23.16397716,3072
12/9/2025,68,33.28353485,4033
12/10/2025,58,23.31840997,1890
12/11/2025,108,25.03417879,1866
12/12/2025,59,29.39617303,3839
12/13/2025,134,33.2039674,3442
12/14/2025,71,29.36563731,4117
12/15/2025,183,24.10807517,4739
12/16/2025,92,24.75394812,4068
12/17/2025,183,21.44109727,3789
12/18/2025,188,22.14458457,1179
12/19/2025,190,34.15757108,2265
12/20/2025,112,24.02648949,4976
12/21/2025,189,24.83552046,3658
12/22/2025,147,20.97301393,1881
12/23/2025,82,33.83664931,2324
12/24/2025,131,31.47305493,1161
12/25/2025,138,30.81193981,2968
12/26/2025,199,27.1258799,3968
12/27/2025,168,27.07684669,2376
12/28/2025,139,26.08294446,1424
12/29/2025,124,32.14521014,1365
12/30/2025,141,30.72865898,4546
12/31/2025,144,28.30762226,1044
1/1/2026,175,34.02515744,1876
1/2/2026,124,25.72369233,1966
1/3/2026,68,28.02851379,1711
1/4/2026,58,27.51192148,4865
1/5/2026,94,25.28115318,4047
1/6/2026,173,24.83027532,2875
1/7/2026,175,24.17485904,2727
1/8/2026,187,33.29455147,2641
1/9/2026,65,20.23797649,4514
1/10/2026,152,25.88581052,1403
1/11/2026,167,27.27277654,1732
1/12/2026,190,22.86203171,1718
1/13/2026,68,20.44295638,1778
1/14/2026,132,32.17969495,2733
1/15/2026,57,31.49129506,3200
1/16/2026,169,22.89069907,3926
1/17/2026,148,22.78421015,3689
1/18/2026,141,21.30401724,4693
1/19/2026,168,30.59927456,1701
1/20/2026,113,25.1113665,3740
1/21/2026,171,22.97115705,4676
1/22/2026,92,25.95026604,3597
1/23/2026,63,22.76932613,3846
1/24/2026,177,29.39727425,2574
1/25/2026,62,24.03333175,1267
1/26/2026,96,31.71582972,4469
1/27/2026,140,33.29405528,3671
1/28/2026,60,27.22790247,4643
1/29/2026,180,22.40426838,2375
1/30/2026,173,28.26104491,3369
1/31/2026,124,23.62047591,1555
2/1/2026,69,29.47727365,3522
2/2/2026,189,23.3557842,2278
2/3/2026,175,21.43911421,4984
2/4/2026,85,21.04691915,2390
2/5/2026,91,22.61161482,1032
2/6/2026,134,32.91203039,3295
2/7/2026,126,28.21542392,1172
2/8/2026,82,26.74440623,2256
2/9/2026,185,27.93450639,1071
2/10/2026,84,24.26117095,3698
2/11/2026,100,30.64031646,4205
2/12/2026,197,33.55402439,3885
2/13/2026,165,32.27908986,2726
2/14/2026,197,32.8994284,3332
2/15/2026,148,20.62187288,4884
2/16/2026,135,29.24022771,2429
2/17/2026,94,26.08610133,1581
2/18/2026,91,32.79599702,1715
2/19/2026,74,28.96880687,3765
2/20/2026,194,27.05700605,3218
2/21/2026,121,33.3562216,4505
2/22/2026,166,31.19455331,4108
2/23/2026,185,34.59029153,2528
2/24/2026,68,31.63181724,1598
2/25/2026,64,20.0932721,3683
2/26/2026,150,23.88275773,1302
2/27/2026,129,32.32590648,3666
2/28/2026,97,30.68596211,4064
3/1/2026,76,21.74832614,3568
3/2/2026,117,33.92695426,1457
3/3/2026,176,22.82445256,3359
3/4/2026,189,33.99673448,2684
3/5/2026,101,32.13751397,1594
3/6/2026,153,21.73649546,4776
3/7/2026,71,21.86048864,4932
3/8/2026,75,29.38885641,4022
3/9/2026,185,24.87323754,4158
3/10/2026,71,34.94388622,1857
3/11/2026,137,31.02912061,4060
3/12/2026,80,24.16082504,3888
3/13/2026,98,24.45168098,2435
3/14/2026,133,24.57061072,3749
3/15/2026,99,20.98409561,1144
3/16/2026,147,23.56741171,2835
3/17/2026,79,20.7192488,3884
3/18/2026,59,28.61474179,3385
3/19/2026,83,20.34215298,3071
3/20/2026,167,20.06535893,4037
3/21/2026,100,29.10248409,1398
3/22/2026,157,26.05896526,4936
3/23/2026,107,27.63894736,3701
3/24/2026,80,26.40039145,2372
3/25/2026,162,30.21283633,2997
3/26/2026,166,28.41651052,2090
3/27/2026,57,20.51012676,3086
3/28/2026,140,25.55647038,4345
3/29/2026,89,23.06796969,4752
3/30/2026,175,21.8020528,4721
3/31/2026,86,22.95229555,4166
4/1/2026,189,28.50340299,4239
4/2/2026,157,28.25981774,2670
4/3/2026,153,24.4236183,1058
4/4/2026,199,26.15328909,2064
4/5/2026,93,20.71445167,3610
4/6/2026,151,24.41374455,3225
4/7/2026,98,25.14674934,3574
4/8/2026,109,33.79867269,1095
4/9/2026,57,34.79360172,3215
4/10/2026,56,27.12185875,3356
4/11/2026,194,28.69035746,2056
4/12/2026,67,27.48482834,1422
4/13/2026,104,25.36604536,3334
4/14/2026,77,26.93130461,2773
4/15/2026,109,22.34916071,4096
4/16/2026,157,30.88327038,3353
4/17/2026,58,25.03315404,4184
4/18/2026,80,21.93116811,1482
4/19/2026,144,22.89939112,2947
4/20/2026,63,34.48356913,4143
4/21/2026,136,29.80377938,2350
4/22/2026,198,27.79775472,3151
4/23/2026,147,28.65387191,1886
4/24/2026,104,21.38543239,1464
4/25/2026,132,21.11633942,1120
4/26/2026,113,31.09528076,1725
4/27/2026,142,28.03620437,2183
4/28/2026,112,29.49586416,3585
4/29/2026,62,20.38287656,2497
4/30/2026,149,28.78721311,3681
5/1/2026,185,34.65757662,4062
5/2/2026,191,32.17266861,4854
5/3/2026,139,28.3589163,1322
5/4/2026,79,33.57158752,1134
5/5/2026,135,21.28208503,3596
5/6/2026,134,26.42088625,2136
5/7/2026,177,31.6327477,2888
5/8/2026,155,32.61428399,3492
5/9/2026,195,22.72655793,2698
5/10/2026,72,24.68629342,2386
5/11/2026,192,31.78156336,1423
5/12/2026,136,22.78739138,2966
5/13/2026,99,29.54521051,1513
5/14/2026,78,29.50622707,3332
5/15/2026,54,30.27118153,3512
5/16/2026,195,26.65232209,3061
5/17/2026,145,24.85202134,4866
5/18/2026,190,25.72917853,2493
5/19/2026,121,29.64724465,1855
5/20/2026,176,32.39667146,4436
5/21/2026,149,28.59585884,4902
5/22/2026,73,25.40817293,3910
5/23/2026,164,32.55836082,4704
5/24/2026,177,25.09650803,3317
5/25/2026,62,34.05443194,2586
5/26/2026,94,34.97934266,4956
5/27/2026,62,34.76419266,2224
5/28/2026,194,25.55709007,2036
5/29/2026,104,33.4763846,1163
5/30/2026,170,20.71447978,4854
5/31/2026,162,31.78648395,3207
6/1/2026,107,21.18844866,3969
6/2/2026,178,34.15099882,2500
6/3/2026,94,28.45731166,1999
6/4/2026,95,26.38173314,4213
6/5/2026,150,21.92491093,3854
6/6/2026,141,21.23884921,2415
6/7/2026,141,23.96571527,4811
6/8/2026,76,21.72384583,3683
6/9/2026,197,21.8774959,1400
6/10/2026,156,32.52948873,1905
6/11/2026,87,28.83755994,4018
6/12/2026,187,22.56041437,4452
6/13/2026,178,29.8388094,2423
6/14/2026,126,25.4370022,3014
6/15/2026,194,34.21292843,4258
6/16/2026,159,33.4777921,1780
6/17/2026,71,32.17314324,2926
6/18/2026,167,24.36777825,3936
6/19/2026,192,30.59649632,3556
6/20/2026,145,25.5952991,2664
6/21/2026,80,27.36808469,3641
6/22/2026,167,34.91693745,1509
6/23/2026,177,32.30070495,1602
6/24/2026,184,30.83412771,4547
6/25/2026,123,32.26180346,2824
6/26/2026,186,27.03802764,1460
6/27/2026,55,29.35480178,1874
6/28/2026,178,27.28887427,2497
6/29/2026,74,24.53568758,4766
6/30/2026,75,24.4760525,2158
7/1/2026,93,23.86940303,2737
7/2/2026,112,21.61275921,2235
7/3/2026,52,32.56599035,2532
7/4/2026,121,27.12258507,2360
7/5/2026,106,27.03741711,1954
7/6/2026,96,31.54834642,3342
7/7/2026,90,25.92320992,3985
7/8/2026,91,22.60722415,2525
7/9/2026,56,30.42339148,1433
7/10/2026,69,21.78077639,1600
7/11/2026,54,32.07690032,2654
7/12/2026,194,27.46922489,1955
7/13/2026,111,27.4604654,3638
7/14/2026,65,29.60465638,3597
7/15/2026,180,22.8521406,1928
7/16/2026,161,32.39006761,4456
7/17/2026,159,28.21011534,3003
7/18/2026,88,28.91761506,4083
7/19/2026,152,25.44209414,2246
7/20/2026,96,24.76181072,2081
7/21/2026,84,22.96407614,2468
7/22/2026,156,29.67444474,1302
7/23/2026,55,26.67263856,4599
7/24/2026,106,26.33374447,1946
7/25/2026,147,32.75428922,4277
7/26/2026,140,23.45866558,4723
7/27/2026,92,29.93061895,4541
7/28/2026,68,27.65608662,3508
7/29/2026,83,22.99690952,1926
7/30/2026,91,24.52326795,4188
7/31/2026,196,30.77606486,3451
8/1/2026,76,26.88692754,4541
8/2/2026,99,20.76402416,2028
8/3/2026,169,23.80795512,4860
8/4/2026,72,27.30323285,4451
8/5/2026,166,26.85535091,4408
8/6/2026,71,22.70558508,4610
8/7/2026,54,23.59117151,1126
8/8/2026,149,34.98662955,1197
8/9/2026,115,21.54169354,3735
8/10/2026,177,21.81992483,2903
8/11/2026,110,32.91554152,1838
8/12/2026,75,22.36034495,1904
8/13/2026,156,25.86105459,4849
8/14/2026,183,33.40704814,4831
8/15/2026,159,21.88265664,1461
8/16/2026,105,24.44561526,1054
8/17/2026,100,25.65287765,3753
8/18/2026,102,28.88020158,2892
8/19/2026,66,27.93874392,1214
8/20/2026,109,24.26368782,1968
8/21/2026,119,23.64060935,3741
8/22/2026,198,28.2649035,1682
8/23/2026,56,22.33623337,4936
8/24/2026,172,20.06313623,2590
8/25/2026,87,27.69562243,4626
8/26/2026,103,31.008749,2192
8/27/2026,124,24.41729208,4360
8/28/2026,163,25.15406212,3377
8/29/2026,149,25.9719564,2080
8/30/2026,147,22.09600156,2623
8/31/2026,148,31.90357122,1501
9/1/2026,164,24.4670063,3080
9/2/2026,152,29.22324811,1606
9/3/2026,157,20.3493742,1490
9/4/2026,159,27.64542438,3519
9/5/2026,179,32.28030157,4611
9/6/2026,119,33.24881844,2759
9/7/2026,77,27.41586843,1488
9/8/2026,84,27.2789435,1915
9/9/2026,93,22.19212415,4307
9/10/2026,62,27.701562,2407
9/11/2026,110,26.59419074,4458
9/12/2026,152,20.92763979,2850
9/13/2026,68,21.57247465,2007
9/14/2026,106,28.18431259,1237
9/15/2026,98,21.78322682,1975
9/16/2026,200,26.93196476,4957
9/17/2026,174,33.45279581,3595
9/18/2026,161,30.42483135,3226
9/19/2026,175,23.3080164,1040
9/20/2026,52,28.90300729,1170
9/21/2026,158,24.43897379,3934
9/22/2026,195,30.1330167,3924
9/23/2026,56,27.82076771,1754
9/24/2026,122,25.27377102,3433
9/25/2026,142,34.87150805,2330
9/26/2026,64,34.78036488,1202
9/27/2026,150,29.68923192,4647
9/28/2026,119,23.78143243,3028
9/29/2026,101,25.01972279,3056
9/30/2026,104,29.05175164,4984
10/1/2026,181,25.71401612,3499
10/2/2026,120,26.89834023,2226
10/3/2026,160,30.14166023,2075
10/4/2026,161,34.06306444,2032
10/5/2026,162,27.31247121,3570
10/6/2026,127,26.35046364,1349
10/7/2026,126,22.70749158,1970
10/8/2026,87,29.29950772,2222
10/9/2026,144,22.51281439,4250
10/10/2026,75,34.41094423,3376
10/11/2026,69,22.27711726,1356
10/12/2026,179,34.80835931,4051
10/13/2026,189,27.0780524,1939
10/14/2026,112,28.24771833,2556
10/15/2026,63,27.90200474,1123
10/16/2026,200,34.81279147,3656
10/17/2026,198,34.4166827,2133
10/18/2026,137,27.53866757,1868
10/19/2026,108,26.94907639,3642
10/20/2026,155,23.77409145,1185
10/21/2026,100,20.67022118,2655
10/22/2026,50,23.08981387,3497
10/23/2026,109,25.95243587,1173
10/24/2026,182,20.61536929,4749
10/25/2026,169,33.55054126,4667
10/26/2026,165,32.92179901,3228
10/27/2026,67,33.23000619,3437
10/28/2026,177,26.27726184,3940
10/29/2026,101,22.15245825,1399
10/30/2026,92,22.25807623,3904
10/31/2026,120,22.89826206,3866
11/1/2026,74,28.32712561,1381
11/2/2026,188,33.90195088,4291
11/3/2026,161,26.66397146,1028
11/4/2026,69,22.09078118,4905
11/5/2026,167,28.91802973,1747
11/6/2026,148,25.94268899,1545
11/7/2026,136,27.37786097,2725
11/8/2026,81,24.13580646,3143
11/9/2026,137,32.70115847,4227
11/10/2026,86,31.94446448,1118
11/11/2026,167,34.06405937,2838
11/12/2026,200,31.76468887,2473
11/13/2026,100,31.61648811,2158
11/14/2026,80,23.10243327,4653
11/15/2026,94,31.08466892,4643
11/16/2026,199,24.31233565,3015
11/17/2026,72,33.79373235,4151
11/18/2026,142,26.74509066,2862
11/19/2026,151,33.12162552,4837
11/20/2026,165,20.59613874,4543
11/21/2026,172,29.7503852,1500
11/22/2026,99,23.7117059,4912
11/23/2026,107,32.69823951,3914
11/24/2026,158,22.99566434,3758
11/25/2026,171,26.87204055,3177
11/26/2026,174,34.55048005,4018
11/27/2026,88,20.75451884,3144
11/28/2026,161,22.03931619,1935
11/29/2026,115,33.83738822,2708
11/30/2026,184,26.09103901,2930
12/1/2026,179,33.11115528,1871
12/2/2026,151,28.54129088,2291
12/3/2026,55,30.45277472,1748
12/4/2026,89,31.86416292,4257
12/5/2026,63,28.36967262,4062
12/6/2026,147,33.62419737,3075
12/7/2026,109,30.34881532,4127
12/8/2026,117,34.72208154,3333
12/9/2026,69,27.55859551,2497
12/10/2026,186,31.53780758,3053
12/11/2026,172,27.52972734,3214
12/12/2026,127,32.90453899,4158
12/13/2026,155,25.62938537,2135
12/14/2026,61,31.46393816,3773
12/15/2026,121,24.20022154,2535
12/16/2026,114,31.78872309,3710
12/17/2026,166,20.68878897,4637
12/18/2026,73,25.62158942,1253
12/19/2026,148,29.47763966,1418
12/20/2026,113,21.4648553,2142
12/21/2026,90,27.49170831,3433
12/22/2026,132,24.78928851,3672
12/23/2026,59,34.80487016,3566
12/24/2026,143,22.76807779,3094
12/25/2026,123,26.84852521,1914
12/26/2026,118,26.37297298,4910
12/27/2026,187,22.31307007,4779
12/28/2026,80,30.2249601,1943
12/29/2026,107,25.01149292,2411
12/30/2026,159,21.20403076,1607
12/31/2026,167,20.52769036,3688
